{
  "_fv": 24,
  "_type": "recipe",
  "definition": {
    "recipeType": "Crafting",
    "xpReward": 0.0,
    "cookingTime": 200,
    "recipeRetstackSize": 4,
    "group": "",
    "recipeShapeless": false,
    "recipeSlots": [
      {
        "value": "CUSTOM:EndSugiliteBricks"
      },
      {
        "value": ""
      },
      {
        "value": ""
      },
      {
        "value": "CUSTOM:EndSugiliteBricks"
      },
      {
        "value": "CUSTOM:EndSugiliteBricks"
      },
      {
        "value": ""
      },
      {
        "value": "CUSTOM:EndSugiliteBricks"
      },
      {
        "value": "CUSTOM:EndSugiliteBricks"
      },
      {
        "value": "CUSTOM:EndSugiliteBricks"
      }
    ],
    "recipeReturnStack": {
      "value": "CUSTOM:EndSugiliteBrickStairs"
    },
    "name": "end_sugilite_brick_stairs_recipe",
    "namespace": "mod"
  }
}