{
  "_fv": 24,
  "_type": "tool",
  "definition": {
    "renderType": 0,
    "texture": "kitchen_knife",
    "customModelName": "Normal",
    "name": "Kitchen Knife",
    "specialInfo": [],
    "creativeTab": {
      "value": "CUSTOM:QuarkExtreme"
    },
    "toolType": "Sword",
    "harvestLevel": 1,
    "efficiency": 5.0,
    "attackSpeed": 4.0,
    "enchantability": 15,
    "damageVsEntity": 4.0,
    "usageCount": 651,
    "blocksAffected": [],
    "hasGlow": false,
    "repairItems": [
      {
        "value": "Items.IRON_INGOT"
      }
    ],
    "immuneToFire": false,
    "stayInGridWhenCrafting": false,
    "damageOnCrafting": false
  }
}