{
  "_fv": 24,
  "_type": "recipe",
  "definition": {
    "recipeType": "Crafting",
    "xpReward": 0.0,
    "cookingTime": 200,
    "recipeRetstackSize": 8,
    "group": "",
    "recipeShapeless": false,
    "recipeSlots": [
      {
        "value": "CUSTOM:Cloud"
      },
      {
        "value": "CUSTOM:Cloud"
      },
      {
        "value": "CUSTOM:Cloud"
      },
      {
        "value": "CUSTOM:Cloud"
      },
      {
        "value": "Items.WATER_BUCKET"
      },
      {
        "value": "CUSTOM:Cloud"
      },
      {
        "value": "CUSTOM:Cloud"
      },
      {
        "value": "CUSTOM:Cloud"
      },
      {
        "value": "CUSTOM:Cloud"
      }
    ],
    "recipeReturnStack": {
      "value": "CUSTOM:RainCloud"
    },
    "name": "rain_cloud_recipe",
    "namespace": "mod"
  }
}