{
  "group": "quark_extreme",
  "type": "minecraft:crafting_shaped",
  "pattern": [
    "012",
    "345"
  ],
  "key": {
    "0": {
      "item": "quark_extreme:limestone_bricks"
    },
    "1": {
      "item": "quark_extreme:limestone_bricks"
    },
    "2": {
      "item": "quark_extreme:limestone_bricks"
    },
    "3": {
      "item": "quark_extreme:limestone_bricks"
    },
    "4": {
      "item": "quark_extreme:limestone_bricks"
    },
    "5": {
      "item": "quark_extreme:limestone_bricks"
    }
  },
  "result": {
    "item": "quark_extreme:limestone_brick_wall",
    "count": 6
  }
}