{
  "group": "quark_extreme",
  "type": "minecraft:crafting_shaped",
  "pattern": [
    "012",
    "345",
    "678"
  ],
  "key": {
    "0": {
      "item": "quark_extreme:cloud"
    },
    "1": {
      "item": "quark_extreme:cloud"
    },
    "2": {
      "item": "quark_extreme:cloud"
    },
    "3": {
      "item": "quark_extreme:cloud"
    },
    "4": {
      "item": "minecraft:water_bucket"
    },
    "5": {
      "item": "quark_extreme:cloud"
    },
    "6": {
      "item": "quark_extreme:cloud"
    },
    "7": {
      "item": "quark_extreme:cloud"
    },
    "8": {
      "item": "quark_extreme:cloud"
    }
  },
  "result": {
    "item": "quark_extreme:rain_cloud",
    "count": 8
  }
}